<?xml version="1.0" encoding="UTF-8"?>
<root>
  <item name="com.melnykov.fab.FloatingActionButton int getType()">
    <annotation name="android.support.annotation.IntDef">
      <val name="value" val="{com.melnykov.fab.FloatingActionButton.TYPE_NORMAL, com.melnykov.fab.FloatingActionButton.TYPE_MINI}" />
    </annotation>
  </item>
  <item name="com.melnykov.fab.FloatingActionButton void setType(int) 0">
    <annotation name="android.support.annotation.IntDef">
      <val name="value" val="{com.melnykov.fab.FloatingActionButton.TYPE_NORMAL, com.melnykov.fab.FloatingActionButton.TYPE_MINI}" />
    </annotation>
  </item>
</root>

